ticker,one_year_price_return,one_year_return_percentile,six_month_price_return,six_month_return_percentile,three_month_price_return,three_month_return_percentile,one_month_price_return,one_month_return_percentile,momentum_score,price-to-earnings_ratio,pe_percentile,price-to-book_ratio,pb_percentile,price-to-sales_ratio,ps_percentile,ev/ebitda,ev/ebitda_percentile,ev/gp,ev/gp_percentile,value_score,stock_price,market_capitalization,number_of_share_to_buy,price,shares_to_buy
A,0.7121999999999999,0.7267,0.2522,0.6614,0.16440000000000002,0.8573999999999999,0.0809,0.8851,78.27,,,,,,,,,,,,155.08,47058647356.0,18.0,150.9,536.0
AAL,,,,,,,,,,-1.51,0.11900000000000001,-1.75,0.083,1.09,0.10300000000000001,-3.82,0.038,3.18,0.14300000000000002,9.7,22.02,13697949500.0,130.0,22.54,107396.0
AAP,,,,,,,,,,,,,,,,,,,,,213.33,13729929363.0,13.0,,
AAPL,,,,,,,,,,,,,,,,,,,,,141.25,2343545365816.0,20.0,,
ABBV,,,,,,,,,,,,,,,,,,,,,115.4,205432296870.0,24.0,,
ABC,,,,,,,,,,-6.39,0.10300000000000001,-87.96,0.01,0.12,0.008,8.51,0.152,4.3,0.212,9.7,120.35,24612108619.0,23.0,117.8,20549.0
ABMD,,,,,,,,,,,,,,,,,,,,,329.77,14475261495.0,8.0,,
ABT,,,,,,,,,,,,,,,,,,,,,119.0,212660174035.0,24.0,,
ACN,,,,,,,,,,,,,,,,,,,,,302.33,211293412626.0,9.0,,
ADBE,,,,,,,,,,,,,,,,,,,,,605.48,289582114006.0,4.0,,
ADI,,,,,,,,,,,,,,,,,,,,,171.78,65845990651.0,16.0,,
ADM,,,,,,,,,,,,,,,,,,,,,62.54,33973816805.0,46.0,,
ADP,,,,,,,,,,,,,,,,,,,,,203.52,86712122862.0,14.0,,
ADSK,,,,,,,,,,,,,,,,,,,,,301.4,65564692668.0,9.0,,
AEE,,,,,,,,,,,,,,,,,,,,,82.12,21139933143.0,35.0,,
AEP,,,,,,,,,,,,,,,,,,,,,86.76,44009984417.0,33.0,,
AES,,,,,,,,,,,,,,,,,,,,,26.39,17604000678.0,109.0,,
AFL,,,,,,,,,,7.28,0.131,1.2,0.132,1.6,0.205,7.2,0.083,1.94,0.075,12.5,56.23,37135434253.0,51.0,55.72,43444.0
AIG,,,,,,,,,,-11.09,0.087,0.67,0.091,0.96,0.085,6.09,0.065,0.94,0.026000000000000002,7.1,48.39,43079112717.0,59.0,48.5,49911.0
AIV,,,,,,,,,,-76.61,0.024,2.03,0.299,-31.76,0.002,-44.29,0.008,-53.16,0.006,6.8,7.02,1037728349.0,410.0,7.04,343852.0
AIZ,,,,,,,,,,23.28,0.43,1.68,0.214,0.98,0.08900000000000001,2.1,0.04,0.93,0.024,15.9,161.04,9759952685.0,17.0,158.0,15321.0
AJG,,,,,,,,,,,,,,,,,,,,,141.41,29796433493.0,20.0,,
AKAM,,,,,,,,,,,,,,,,,,,,,118.95,19852016155.0,24.0,,
ALB,,,,,,,,,,,,,,,,,,,,,180.6,20784878662.0,15.0,,
ALGN,,,,,,,,,,,,,,,,,,,,,621.71,50337343394.0,4.0,,
ALK,,,,,,,,,,,,,,,,,,,,,61.71,7821301979.0,46.0,,
ALL,,,,,,,,,,12.05,0.192,1.65,0.204,0.88,0.073,2.49,0.042,0.84,0.022000000000000002,10.7,133.48,40677809538.0,21.0,138.23,17512.0
ALLE,,,,,,,,,,,,,,,,,,,,,146.77,12751723169.0,19.0,,
ALXN,,,,,,,,,,,,,,,,,,,,,190.9,41145896887.0,15.0,,
AMAT,,,,,,,,,,,,,,,,,,,,,145.38,130125114641.0,19.0,,
AMCR,,,,,,,,,,,,,,,,,,,,,11.57,18593689916.0,249.0,,
AMD,,,,,,,,,,,,,,,,,,,,,96.07,117288302217.0,30.0,,
AME,,,,,,,,,,,,,,,,,,,,,139.87,31195210904.0,20.0,,
AMGN,,,,,,,,,,,,,,,,,,,,,256.5,146603852819.0,11.0,,
AMP,,,,,,,,,,,,,,,,,,,,,262.0,29665261692.0,11.0,,
AMT,,,,,,,,,,,,,,,,,,,,,280.11,125161019443.0,10.0,,
AMZN,,,,,,,,,,,,,,,,,,,,,3511.79,1807946216985.0,0.0,,
ANET,0.7670999999999999,0.7802,0.2589,0.6713,0.1844,0.903,0.08710000000000001,0.897,81.29,,,,,,,,,,,,366.95,27888792178.0,7.0,380.43,212.0
ANSS,,,,,,,,,,,,,,,,,,,,,354.78,31558803746.0,8.0,,
ANTM,,,,,,,,,,,,,,,,,,,,,384.62,97530319463.0,7.0,,
AON,,,,,,,,,,,,,,,,,,,,,248.18,54276140921.0,11.0,,
AOS,,,,,,,,,,,,,,,,,,,,,71.97,11778161767.0,40.0,,
APA,,,,,,,,,,,,,,,,,,,,,21.8,8541374697.0,132.0,,
APD,,,,,,,,,,,,,,,,,,,,,297.0,65589132085.0,9.0,,
APH,,,,,,,,,,,,,,,,,,,,,70.27,42653939722.0,41.0,,
APTV,,,,,,,,,,,,,,,,,,,,,165.06,44235624353.0,17.0,,
ARE,,,,,,,,,,,,,,,,,,,,,186.1,28220451985.0,15.0,,
ATO,,,,,,,,,,,,,,,,,,,,,98.18,12718039811.0,29.0,,
ATVI,,,,,,,,,,,,,,,,,,,,,95.44,76767353167.0,30.0,,
AVB,,,,,,,,,,,,,,,,,,,,,214.77,29960603432.0,13.0,,
AVGO,,,,,,,,,,,,,,,,,,,,,484.22,203135565192.0,5.0,,
AVY,,,,,,,,,,,,,,,,,,,,,218.7,17498334942.0,13.0,,
AWK,,,,,,,,,,,,,,,,,,,,,162.04,28466183948.0,17.0,,
AXP,0.8326,0.8218000000000001,0.4007,0.8931,0.15810000000000002,0.8454999999999999,0.022799999999999997,0.6831999999999999,81.09,,,,,,,,,,,,176.22,140622165658.0,16.0,172.0,470.0
AZO,,,,,,,,,,,,,,,,,,,,,1599.09,33871054642.0,1.0,,
BA,,,,,,,,,,-11.82,0.083,-7.78,0.073,2.56,0.366,-19.14,0.02,-42.02,0.008,11.0,246.72,139357239489.0,11.0,243.67,9934.0
BAC,,,,,,,,,,,,,,,,,,,,,42.99,354677461031.0,67.0,,
BAX,,,,,,,,,,,,,,,,,,,,,81.84,41807292587.0,35.0,,
BBY,,,,,,,,,,,,,,,,,,,,,119.01,29525285135.0,24.0,,
BDX,,,,,,,,,,,,,,,,,,,,,254.73,74925331005.0,11.0,,
BEN,,,,,,,,,,,,,,,,,,,,,32.42,16864536202.0,88.0,,
BF.B,,,,,,,,,,,,,,,,,,,,,74.96,35397754864.0,38.0,,
BIIB,0.32130000000000003,0.3347,0.43560000000000004,0.9267,0.2593,0.9762000000000001,0.3066,1.0,80.94,,,,,,,,,,,,355.2,54403679586.0,8.0,352.99,229.0
BIO,,,,,,,,,,,,,,,,,,,,,684.59,20104217432.0,4.0,,
BK,,,,,,,,,,,,,,,,,,,,,52.1,45557916196.0,55.0,,
BKNG,,,,,,,,,,,,,,,,,,,,,2245.12,95385676807.0,1.0,,
BKR,,,,,,,,,,,,,,,,,,,,,24.06,24643919313.0,119.0,,
BLK,,,,,,,,,,,,,,,,,,,,,915.04,139774534527.0,3.0,,
BLL,,,,,,,,,,,,,,,,,,,,,85.39,27228074984.0,33.0,,
BMY,,,,,,,,,,,,,,,,,,,,,68.26,153910701815.0,42.0,,
BR,,,,,,,,,,,,,,,,,,,,,170.76,19537117899.0,16.0,,
BRK.B,,,,,,,,,,,,,,,,,,,,,290.99,661866175666.0,9.0,,
BSX,,,,,,,,,,,,,,,,,,,,,44.01,63213529513.0,65.0,,
BWA,,,,,,,,,,,,,,,,,,,,,49.76,12048663858.0,57.0,,
BXP,,,,,,,,,,,,,,,,,,,,,118.9,18103141686.0,24.0,,
C,,,,,,,,,,9.96,0.152,0.81,0.095,1.79,0.245,5.92,0.063,1.96,0.079,12.7,73.89,148715129383.0,39.0,73.79,32805.0
CAG,,,,,,,,,,,,,,,,,,,,,36.59,17233432306.0,78.0,,
CAH,,,,,,,,,,,,,,,,,,,,,59.16,16721051161.0,48.0,,
CARR,1.1928,0.9307,0.3086,0.7723,0.16879999999999998,0.8673000000000001,0.0443,0.7861,83.91,,,,,,,,,,,,50.36,43654943567.0,57.0,49.04,1649.0
CAT,,,,,,,,,,,,,,,,,,,,,217.39,118420859420.0,13.0,,
CB,,,,,,,,,,13.4,0.22399999999999998,1.28,0.145,1.9,0.263,10.96,0.242,1.92,0.073,18.9,167.9,72702395088.0,17.0,164.8,14688.0
CBOE,,,,,,,,,,,,,,,,,,,,,121.84,13014154293.0,23.0,,
CBRE,,,,,,,,,,,,,,,,,,,,,91.3,30485573761.0,31.0,,
CCI,,,,,,,,,,,,,,,,,,,,,202.69,86268787390.0,14.0,,
CCL,,,,,,,,,,,,,,,,,,,,,26.23,29497535921.0,109.0,,
CDNS,,,,,,,,,,,,,,,,,,,,,139.11,39451566845.0,20.0,,
CDW,,,,,,,,,,,,,,,,,,,,,184.93,24826555640.0,15.0,,
CE,,,,,,,,,,,,,,,,,,,,,159.68,17729303215.0,18.0,,
CERN,,,,,,,,,,,,,,,,,,,,,82.12,24688487982.0,35.0,,
CF,,,,,,,,,,,,,,,,,,,,,53.95,11549190311.0,53.0,,
CFG,,,,,,,,,,13.3,0.222,0.96,0.105,2.74,0.377,7.86,0.113,3.11,0.13699999999999998,19.1,46.38,19774772441.0,62.0,47.08,51417.0
CHD,,,,,,,,,,,,,,,,,,,,,88.7,21065314466.0,32.0,,
CHRW,,,,,,,,,,,,,,,,,,,,,97.18,12536181200.0,29.0,,
CHTR,,,,,,,,,,,,,,,,,,,,,743.89,138181859421.0,3.0,,
CI,,,,,,,,,,10.59,0.172,1.7,0.222,0.52,0.034,11.26,0.259,4.38,0.218,18.1,238.09,83299337824.0,12.0,247.05,9798.0
CINF,,,,,,,,,,6.44,0.127,1.7,0.222,1.93,0.272,4.92,0.051,1.9,0.071,14.9,119.82,19594483496.0,24.0,121.38,19943.0
CL,,,,,,,,,,,,,,,,,,,,,82.33,71813239516.0,35.0,,
CLX,,,,,,,,,,,,,,,,,,,,,186.38,22870543146.0,15.0,,
CMA,,,,,,,,,,,,,,,,,,,,,74.65,10178482412.0,38.0,,
CMCSA,,,,,,,,,,,,,,,,,,,,,60.82,279661680638.0,47.0,,
CME,,,,,,,,,,,,,,,,,,,,,220.53,77861000104.0,13.0,,
CMG,,,,,,,,,,,,,,,,,,,,,1594.63,45704998930.0,1.0,,
CMI,,,,,,,,,,,,,,,,,,,,,248.84,36752769839.0,11.0,,
CMS,,,,,,,,,,,,,,,,,,,,,61.84,17868289963.0,46.0,,
CNC,,,,,,,,,,18.44,0.315,1.7,0.222,0.38,0.018000000000000002,12.75,0.34700000000000003,0.53,0.012,18.3,74.31,43041242450.0,38.0,75.41,32100.0
CNP,,,,,,,,,,,,,,,,,,,,,24.7,14527529719.0,116.0,,
COF,,,,,,,,,,10.43,0.16399999999999998,1.22,0.136,2.3,0.32899999999999996,7.61,0.095,2.65,0.107,16.6,165.5,73700359065.0,17.0,158.8,15243.0
COG,,,,,,,,,,,,,,,,,,,,,18.4,7366773241.0,156.0,,
COO,,,,,,,,,,,,,,,,,,,,,411.19,21660543212.0,7.0,,
COP,0.6187,0.6554000000000001,0.6194,0.9762000000000001,0.1808,0.8931,0.08070000000000001,0.8832,85.2,,,,,,,,,,,,62.63,87761093817.0,46.0,64.82,1247.0
COST,,,,,,,,,,,,,,,,,,,,,415.82,176443564259.0,6.0,,
COTY,,,,,,,,,,,,,,,,,,,,,9.24,7232874062.0,312.0,,
CPB,,,,,,,,,,,,,,,,,,,,,46.05,14056052464.0,62.0,,
CPRT,,,,,,,,,,,,,,,,,,,,,140.49,32910769172.0,20.0,,
CRM,,,,,,,,,,,,,,,,,,,,,247.8,238803210314.0,11.0,,
CSCO,,,,,,,,,,,,,,,,,,,,,55.51,224826949448.0,51.0,,
CSX,,,,,,,,,,,,,,,,,,,,,33.01,24971974561.0,87.0,,
CTAS,,,,,,,,,,,,,,,,,,,,,390.05,41045143117.0,7.0,,
CTL,,,,,,,,,,,,,,,,,,,,,11.0,12360444154.0,262.0,,
CTSH,,,,,,,,,,,,,,,,,,,,,70.21,38632956277.0,41.0,,
CTVA,,,,,,,,,,,,,,,,,,,,,44.89,33725579583.0,64.0,,
CTXS,,,,,,,,,,,,,,,,,,,,,120.67,14616419730.0,23.0,,
CVS,,,,,,,,,,15.17,0.253,1.56,0.192,0.42,0.02,8.5,0.15,1.5,0.051,13.3,83.13,108612217468.0,34.0,85.2,28412.0
CVX,,,,,,,,,,,,,,,,,,,,,106.98,211286312264.0,26.0,,
CXO,,,,,,,,,,,,,,,,,,,,,68.4,13159031027.0,42.0,,
D,,,,,,,,,,,,,,,,,,,,,76.78,61505180095.0,37.0,,
DAL,,,,,,,,,,,,,,,,,,,,,44.25,28298214558.0,65.0,,
DD,,,,,,,,,,,,,,,,,,,,,81.56,43683017544.0,35.0,,
DE,,,,,,,,,,,,,,,,,,,,,363.54,111609847294.0,7.0,,
DFS,1.6106,0.9782,0.3446,0.8238,0.23620000000000002,0.9564,-0.0103,0.45740000000000003,80.4,,,,,,,,,,,,123.47,36948130184.0,23.0,121.6,665.0
DG,,,,,,,,,,,,,,,,,,,,,222.9,51689997773.0,12.0,,
DGX,,,,,,,,,,,,,,,,,,,,,138.48,17827458037.0,20.0,,
DHI,,,,,,,,,,,,,,,,,,,,,94.3,34928773520.0,30.0,,
DHR,,,,,,,,,,,,,,,,,,,,,276.34,202125596089.0,10.0,,
DIS,,,,,,,,,,,,,,,,,,,,,184.05,328869473249.0,15.0,,
DISCA,,,,,,,,,,,,,,,,,,,,,32.3,15319329328.0,89.0,,
DISCK,,,,,,,,,,,,,,,,,,,,,30.35,15705754530.0,95.0,,
DISH,,,,,,,,,,,,,,,,,,,,,42.79,22871779617.0,67.0,,
DLR,,,,,,,,,,,,,,,,,,,,,153.11,43630504074.0,18.0,,
DLTR,,,,,,,,,,,,,,,,,,,,,103.53,23863899853.0,27.0,,
DOV,,,,,,,,,,,,,,,,,,,,,156.06,21765969154.0,18.0,,
DOW,,,,,,,,,,,,,,,,,,,,,65.55,47406891222.0,43.0,,
DPZ,,,,,,,,,,,,,,,,,,,,,474.72,18567181053.0,6.0,,
DRE,,,,,,,,,,,,,,,,,,,,,48.49,17895115033.0,59.0,,
DRI,,,,,,,,,,,,,,,,,,,,,153.88,19994872657.0,18.0,,
DTE,,,,,,,,,,,,,,,,,,,,,115.9,22461297849.0,24.0,,
DUK,,,,,,,,,,,,,,,,,,,,,102.36,79290889742.0,28.0,,
DVA,,,,,,,,,,,,,,,,,,,,,126.66,13469365989.0,22.0,,
DVN,1.9082,0.9941,0.9229,0.9941,0.2869,0.9842,-0.0044,0.505,86.93,,,,,,,,,,,,30.98,20352142327.0,93.0,30.45,2656.0
DXC,1.5615999999999999,0.9743,0.5869,0.9682999999999999,0.3147,0.9901000000000001,0.06280000000000001,0.8356,94.21,-71.58,0.032,2.12,0.307,0.61,0.044000000000000004,8.11,0.11699999999999999,3.57,0.17600000000000002,13.5,40.8,10480935588.0,70.0,42.36,1909.0
DXCM,,,,,,,,,,,,,,,,,,,,,449.0,42302964290.0,6.0,,
EA,,,,,,,,,,,,,,,,,,,,,143.79,41749646602.0,20.0,,
EBAY,,,,,,,,,,,,,,,,,,,,,70.1,48523910884.0,41.0,,
ECL,,,,,,,,,,,,,,,,,,,,,219.29,62415235330.0,13.0,,
ED,,,,,,,,,,,,,,,,,,,,,75.64,25478144424.0,38.0,,
EFX,,,,,,,,,,,,,,,,,,,,,249.9,30547926254.0,11.0,,
EIX,,,,,,,,,,,,,,,,,,,,,57.78,22040365837.0,49.0,,
EL,,,,,,,,,,,,,,,,,,,,,320.47,114881812919.0,8.0,,
EMN,,,,,,,,,,,,,,,,,,,,,117.22,16561042752.0,24.0,,
EMR,,,,,,,,,,,,,,,,,,,,,100.72,59788466254.0,28.0,,
EOG,0.8016,0.8,0.7809,0.9881,0.1532,0.8317,0.0166,0.6475,81.68,,,,,,,,,,,,87.07,51790474254.0,33.0,89.47,904.0
EQIX,,,,,,,,,,,,,,,,,,,,,813.9,72053847116.0,3.0,,
EQR,,,,,,,,,,,,,,,,,,,,,79.98,29749130283.0,36.0,,
ES,,,,,,,,,,,,,,,,,,,,,81.0,28365411430.0,35.0,,
ESS,,,,,,,,,,,,,,,,,,,,,313.52,20441703337.0,9.0,,
ETFC,,,,,,,,,,,,,,,,,,,,,49.97,11171902628.0,57.0,,
ETN,,,,,,,,,,,,,,,,,,,,,157.29,60598731606.0,18.0,,
ETR,,,,,,,,,,,,,,,,,,,,,105.47,20971535760.0,27.0,,
EVRG,,,,,,,,,,,,,,,,,,,,,63.45,14455361767.0,45.0,,
EW,,,,,,,,,,,,,,,,,,,,,109.85,65775366651.0,26.0,,
EXC,,,,,,,,,,,,,,,,,,,,,45.42,44965355892.0,63.0,,
EXPD,0.6951,0.7168000000000001,0.3486,0.8256999999999999,0.1771,0.8870999999999999,0.0332,0.7326999999999999,79.06,,,,,,,,,,,,128.08,21675822112.0,22.0,132.0,612.0
EXPE,,,,,,,,,,,,,,,,,,,,,171.0,24479478418.0,16.0,,
EXR,0.7548,0.7723,0.46149999999999997,0.9386,0.23370000000000002,0.9545,0.09539999999999998,0.9148999999999999,89.5,,,,,,,,,,,,171.38,22486170303.0,16.0,175.12,461.0
F,1.4943,0.9703,0.7136,0.9842,0.22760000000000002,0.9484999999999999,0.006999999999999999,0.5941,87.43,15.55,0.26899999999999996,1.73,0.23800000000000002,0.47,0.024,5.22,0.055,2.92,0.127,14.3,15.35,60483403765.0,187.0,15.59,5188.0
FANG,1.6705,0.9842,1.1039,0.998,0.239,0.9584,0.1558,0.9723,97.82,,,,,,,,,,,,102.58,18296589321.0,28.0,102.81,786.0
FAST,,,,,,,,,,,,,,,,,,,,,53.31,30468021454.0,54.0,,
FB,,,,,,,,,,,,,,,,,,,,,372.29,1065761135270.0,7.0,,
FBHS,,,,,,,,,,,,,,,,,,,,,100.19,14427226503.0,28.0,,
FCX,,,,,,,,,,,,,,,,,,,,,39.0,55798602470.0,73.0,,
FDX,,,,,,,,,,,,,,,,,,,,,306.06,80845273212.0,9.0,,
FE,,,,,,,,,,,,,,,,,,,,,39.04,21446575537.0,73.0,,
FFIV,,,,,,,,,,,,,,,,,,,,,192.49,11689782379.0,14.0,,
FIS,,,,,,,,,,,,,,,,,,,,,151.0,89681464721.0,19.0,,
FISV,,,,,,,,,,,,,,,,,,,,,111.53,75081382601.0,25.0,,
FITB,,,,,,,,,,,,,,,,,,,,,40.35,27418970415.0,71.0,,
FLIR,,,,,,,,,,,,,,,,,,,,,59.55,7621198436.0,48.0,,
FLS,,,,,,,,,,,,,,,,,,,,,41.92,5404651730.0,68.0,,
FLT,,,,,,,,,,,,,,,,,,,,,261.32,22294803783.0,11.0,,
FMC,,,,,,,,,,,,,,,,,,,,,109.78,14134887628.0,26.0,,
FOX,,,,,,,,,,,,,,,,,,,,,36.18,21894349343.0,79.0,,
FOXA,,,,,,,,,,,,,,,,,,,,,38.7,21777436197.0,74.0,,
FRC,,,,,,,,,,,,,,,,,,,,,190.31,33253162870.0,15.0,,
FRT,,,,,,,,,,,,,,,,,,,,,119.0,9271984524.0,24.0,,
FTI,,,,,,,,,,12.9,0.20600000000000002,1.18,0.127,0.38,0.016,4.11,0.05,3.76,0.188,11.7,9.52,4231487136.0,302.0,9.75,248279.0
FTNT,0.7522,0.7683,0.659,0.9802,0.3115,0.9861,0.1332,0.9564,92.28,,,,,,,,,,,,247.23,40084052650.0,11.0,251.21,322.0
FTV,,,,,,,,,,,,,,,,,,,,,74.14,24977410872.0,38.0,,
GD,,,,,,,,,,,,,,,,,,,,,195.7,53870775559.0,14.0,,
GE,,,,,,,,,,,,,,,,,,,,,14.03,120295707913.0,205.0,,
GILD,,,,,,,,,,,,,,,,,,,,,71.61,90548196384.0,40.0,,
GIS,,,,,,,,,,,,,,,,,,,,,61.53,37278787758.0,46.0,,
GL,,,,,,,,,,13.97,0.23600000000000002,1.32,0.154,2.04,0.293,6.71,0.073,2.04,0.083,16.8,99.88,10100949339.0,28.0,99.64,24294.0
GLW,,,,,,,,,,,,,,,,,,,,,41.13,35223111000.0,70.0,,
GM,,,,,,,,,,9.67,0.149,1.82,0.253,0.72,0.059000000000000004,3.23,0.046,2.85,0.12300000000000001,12.6,61.22,86434578439.0,47.0,61.78,39182.0
GOOG,0.792,0.7940999999999999,0.4581,0.9366,0.18420000000000003,0.9009999999999999,0.0417,0.7663,84.95,,,,,,,,,,,,2656.8,1745883559336.0,1.0,2678.61,30.0
GOOGL,0.7145999999999999,0.7287,0.41369999999999996,0.905,0.1547,0.8356,0.028999999999999998,0.7188,79.7,,,,,,,,,,,,2521.89,1806104773858.0,1.0,2625.42,30.0
GPC,,,,,,,,,,,,,,,,,,,,,133.26,19265142433.0,21.0,,
GPN,,,,,,,,,,,,,,,,,,,,,192.89,58585888325.0,14.0,,
GPS,1.7418,0.9861,0.6897,0.9822,0.1304,0.7644,0.0126,0.6297,84.06,,,,,,,,,,,,33.63,13037220140.0,85.0,34.2,2365.0
GRMN,,,,,,,,,,,,,,,,,,,,,149.8,29346267371.0,19.0,,
GS,,,,,,,,,,9.73,0.15,1.5,0.183,2.1,0.299,5.87,0.061,2.19,0.087,15.6,386.84,129689993495.0,7.0,384.49,6295.0
GWW,,,,,,,,,,,,,,,,,,,,,457.9,23957534424.0,6.0,,
HAL,,,,,,,,,,,,,,,,,,,,,24.65,21245635292.0,116.0,,
HAS,,,,,,,,,,,,,,,,,,,,,97.74,13705215849.0,29.0,,
HBAN,,,,,,,,,,,,,,,,,,,,,14.54,14893312862.0,198.0,,
HBI,,,,,,,,,,,,,,,,,,,,,18.89,6649204735.0,152.0,,
HCA,,,,,,,,,,,,,,,,,,,,,219.58,73459558115.0,13.0,,
HD,,,,,,,,,,,,,,,,,,,,,323.07,347687007653.0,8.0,,
HES,0.8134999999999999,0.8119,0.7199,0.9861,0.19879999999999998,0.9148999999999999,0.016,0.6416,83.86,,,,,,,,,,,,91.21,27862012537.0,31.0,92.34,876.0
HFC,,,,,,,,,,-35.78,0.048,1.02,0.11199999999999999,0.48,0.026000000000000002,8.29,0.13699999999999998,2.82,0.11699999999999999,8.8,34.01,5509865869.0,84.0,34.2,70781.0
HIG,,,,,,,,,,13.29,0.22,1.34,0.161,1.07,0.10099999999999999,5.65,0.059000000000000004,1.07,0.032,11.5,63.1,23297015509.0,45.0,62.54,38706.0
HII,,,,,,,,,,,,,,,,,,,,,217.8,8885276930.0,13.0,,
HLT,,,,,,,,,,,,,,,,,,,,,126.84,35890676095.0,22.0,,
HOLX,,,,,,,,,,,,,,,,,,,,,70.16,17986798791.0,41.0,,
HON,,,,,,,,,,,,,,,,,,,,,229.61,159440364690.0,12.0,,
HPE,,,,,,,,,,,,,,,,,,,,,14.81,19583982980.0,194.0,,
HPQ,,,,,,,,,,11.43,0.184,-11.28,0.032,0.61,0.042,8.2,0.127,3.27,0.147,10.6,31.68,38311560273.0,91.0,31.1,77836.0
HRB,,,,,,,,,,,,,,,,,,,,,24.5,4492821659.0,117.0,,
HRL,,,,,,,,,,,,,,,,,,,,,49.56,26878966245.0,58.0,,
HSIC,,,,,,,,,,,,,,,,,,,,,76.88,11004318375.0,37.0,,
HST,,,,,,,,,,,,,,,,,,,,,17.66,12532042481.0,163.0,,
HSY,,,,,,,,,,,,,,,,,,,,,176.13,37099189201.0,16.0,,
HUM,,,,,,,,,,,,,,,,,,,,,466.51,60450588574.0,6.0,,
HWM,,,,,,,,,,,,,,,,,,,,,35.42,15702255149.0,81.0,,
IBM,,,,,,,,,,,,,,,,,,,,,151.82,136848000215.0,18.0,,
ICE,,,,,,,,,,,,,,,,,,,,,120.23,69449041002.0,23.0,,
IDXX,0.9505,0.8634000000000001,0.29109999999999997,0.7306999999999999,0.32270000000000004,0.9921,0.1629,0.9822,89.21,,,,,,,,,,,,670.46,57231757627.0,4.0,676.7,119.0
IEX,,,,,,,,,,,,,,,,,,,,,226.74,17011253186.0,12.0,,
IFF,,,,,,,,,,,,,,,,,,,,,153.95,37705757174.0,18.0,,
ILMN,,,,,,,,,,,,,,,,,,,,,480.19,69913213987.0,6.0,,
INCY,,,,,,,,,,,,,,,,,,,,,83.6,18762835240.0,34.0,,
INFO,,,,,,,,,,,,,,,,,,,,,117.2,49542584580.0,24.0,,
INTC,,,,,,,,,,,,,,,,,,,,,57.44,233099470383.0,50.0,,
INTU,0.6653,0.703,0.3017,0.7525,0.2464,0.9643999999999999,0.12119999999999999,0.9505,84.26,,,,,,,,,,,,517.41,142540587643.0,5.0,501.39,161.0
IP,,,,,,,,,,,,,,,,,,,,,63.56,23934819058.0,45.0,,
IPG,,,,,,,,,,,,,,,,,,,,,34.09,13199536238.0,84.0,,
IPGP,,,,,,,,,,,,,,,,,,,,,216.48,11618313525.0,13.0,,
IQV,0.7735,0.7822,0.38659999999999994,0.8673000000000001,0.25120000000000003,0.9703,0.0426,0.7743000000000001,84.85,,,,,,,,,,,,255.01,48360885659.0,11.0,251.65,321.0
IR,,,,,,,,,,,,,,,,,,,,,50.37,21093065907.0,57.0,,
IRM,,,,,,,,,,,,,,,,,,,,,42.59,12481669881.0,67.0,,
ISRG,,,,,,,,,,,,,,,,,,,,,943.4,112399280900.0,3.0,,
IT,1.0752,0.9109,0.5722999999999999,0.9643999999999999,0.3285,0.996,0.069,0.8475,92.97,,,,,,,,,,,,254.0,21754689963.0,11.0,258.87,312.0
ITW,,,,,,,,,,,,,,,,,,,,,226.3,74384028773.0,12.0,,
IVZ,,,,,,,,,,,,,,,,,,,,,27.84,12702172015.0,103.0,,
J,,,,,,,,,,,,,,,,,,,,,136.22,18170039285.0,21.0,,
JBHT,,,,,,,,,,,,,,,,,,,,,173.65,17793603767.0,16.0,,
JCI,1.1131,0.9168000000000001,0.5111,0.9505,0.1592,0.8475,0.0339,0.7386,86.34,,,,,,,,,,,,71.64,49901605733.0,40.0,69.97,1156.0
JKHY,,,,,,,,,,,,,,,,,,,,,170.85,12621491214.0,16.0,,
JNJ,,,,,,,,,,,,,,,,,,,,,172.6,443711506129.0,16.0,,
JNPR,,,,,,,,,,,,,,,,,,,,,27.44,9056423656.0,105.0,,
JPM,,,,,,,,,,,,,,,,,,,,,162.6,490737127961.0,17.0,,
K,,,,,,,,,,,,,,,,,,,,,64.55,22128677964.0,44.0,,
KEY,,,,,,,,,,,,,,,,,,,,,21.66,21052714365.0,133.0,,
KEYS,,,,,,,,,,,,,,,,,,,,,158.36,29076353554.0,18.0,,
KHC,,,,,,,,,,,,,,,,,,,,,40.99,51472476500.0,70.0,,
KIM,,,,,,,,,,,,,,,,,,,,,21.3,9411206008.0,135.0,,
KLAC,,,,,,,,,,,,,,,,,,,,,326.89,49103020392.0,8.0,,
KMB,,,,,,,,,,,,,,,,,,,,,139.87,46420115839.0,20.0,,
KMI,,,,,,,,,,,,,,,,,,,,,18.61,42576794516.0,155.0,,
KMX,,,,,,,,,,,,,,,,,,,,,134.59,22030448551.0,21.0,,
KO,,,,,,,,,,,,,,,,,,,,,55.31,244637527006.0,52.0,,
KR,,,,,,,,,,20.53,0.364,3.2,0.43799999999999994,0.22,0.012,8.06,0.115,1.39,0.048,19.5,39.61,29433845768.0,72.0,39.78,60852.0
KSS,,,,,,,,,,22.4,0.41,1.75,0.24,0.51,0.03,7.16,0.081,1.57,0.055,16.3,57.38,8899841462.0,50.0,56.95,42506.0
KSU,,,,,,,,,,,,,,,,,,,,,286.21,26923539401.0,10.0,,
L,,,,,,,,,,-409.9,0.004,0.88,0.099,1.04,0.099,8.29,0.135,1.02,0.027999999999999997,7.3,56.31,15045848668.0,51.0,56.64,42738.0
LB,3.9886,1.0,1.005,0.996,0.2022,0.9208,0.0418,0.7703,92.18,14.81,0.25,-38.67,0.013999999999999999,1.57,0.2,7.67,0.099,3.9,0.196,15.2,75.64,20513826679.0,38.0,76.99,1050.0
LDOS,,,,,,,,,,,,,,,,,,,,,104.43,14786901912.0,27.0,,
LEG,,,,,,,,,,,,,,,,,,,,,52.7,6847514043.0,54.0,,
LEN,,,,,,,,,,,,,,,,,,,,,106.86,31287083831.0,26.0,,
LH,,,,,,,,,,,,,,,,,,,,,288.81,27388213858.0,9.0,,
LHX,,,,,,,,,,,,,,,,,,,,,226.47,45275294729.0,12.0,,
LIN,,,,,,,,,,,,,,,,,,,,,294.14,155959636747.0,9.0,,
LKQ,,,,,,,,,,,,,,,,,,,,,49.96,15455209074.0,57.0,,
LLY,0.4521,0.4911,0.39189999999999997,0.8772,0.25370000000000004,0.9723,0.1707,0.9861,83.17,,,,,,,,,,,,232.32,222236704041.0,12.0,241.94,334.0
LMT,,,,,,,,,,,,,,,,,,,,,383.14,108022293670.0,7.0,,
LNC,,,,,,,,,,19.16,0.335,0.64,0.08900000000000001,0.69,0.051,16.11,0.473,0.68,0.016,19.3,66.91,12706718688.0,43.0,65.04,37218.0
LNT,,,,,,,,,,,,,,,,,,,,,57.87,14453340012.0,49.0,,
LOW,,,,,,,,,,,,,,,,,,,,,196.18,143663015631.0,14.0,,
LRCX,,,,,,,,,,,,,,,,,,,,,659.56,93572907309.0,4.0,,
LUV,,,,,,,,,,,,,,,,,,,,,55.98,33231186589.0,51.0,,
LVS,,,,,,,,,,,,,,,,,,,,,53.17,41544285312.0,54.0,,
LW,,,,,,,,,,,,,,,,,,,,,84.6,11903365183.0,34.0,,
LYB,,,,,,,,,,,,,,,,,,,,,103.6,35900597113.0,27.0,,
LYV,,,,,,,,,,,,,,,,,,,,,89.06,20191542136.0,32.0,,
MA,,,,,,,,,,,,,,,,,,,,,389.04,368112845475.0,7.0,,
MAA,,,,,,,,,,,,,,,,,,,,,175.77,19969030644.0,16.0,,
MAR,,,,,,,,,,,,,,,,,,,,,142.52,47604683223.0,20.0,,
MAS,,,,,,,,,,,,,,,,,,,,,61.98,15362319570.0,46.0,,
MCD,,,,,,,,,,,,,,,,,,,,,236.69,177005159857.0,12.0,,
MCHP,,,,,,,,,,,,,,,,,,,,,149.8,41743557404.0,19.0,,
MCK,,,,,,,,,,-7.06,0.099,-1507.2,0.004,0.13,0.01,7.57,0.09300000000000001,2.61,0.105,6.2,200.55,31525288027.0,14.0,195.8,12363.0
MCO,,,,,,,,,,,,,,,,,,,,,382.8,71571037831.0,7.0,,
MDLZ,,,,,,,,,,,,,,,,,,,,,62.8,89001577501.0,45.0,,
MDT,,,,,,,,,,,,,,,,,,,,,128.38,174794285168.0,22.0,,
MET,,,,,,,,,,,,,,,,,,,,,62.3,53347372952.0,46.0,,
MGM,1.6378,0.9802,0.3994,0.8891,0.09939999999999999,0.6673,0.0031,0.5683,77.62,,,,,,,,,,,,43.35,21997523796.0,66.0,45.18,1790.0
MHK,,,,,,,,,,,,,,,,,,,,,199.98,14117288140.0,14.0,,
MKC,,,,,,,,,,,,,,,,,,,,,89.03,24271565512.0,32.0,,
MKTX,,,,,,,,,,,,,,,,,,,,,468.47,17749906345.0,6.0,,
MLM,,,,,,,,,,,,,,,,,,,,,352.2,22851873415.0,8.0,,
MMC,,,,,,,,,,,,,,,,,,,,,148.95,76130658239.0,19.0,,
MMM,,,,,,,,,,,,,,,,,,,,,206.4,115884796555.0,13.0,,
MNST,,,,,,,,,,,,,,,,,,,,,96.14,49552372729.0,29.0,,
MO,,,,,,,,,,,,,,,,,,,,,47.9,91208737145.0,60.0,,
MOS,,,,,,,,,,,,,,,,,,,,,31.72,12109637525.0,90.0,,
MPC,,,,,,,,,,,,,,,,,,,,,63.05,39822554703.0,45.0,,
MRK,,,,,,,,,,,,,,,,,,,,,81.45,206116465050.0,35.0,,
MRO,1.4158000000000002,0.9682999999999999,1.1628,1.0,0.2086,0.9287000000000001,0.0304,0.7248,90.54,,,,,,,,,,,,14.5,11399176638.0,198.0,13.97,5790.0
MS,1.0165,0.897,0.35700000000000004,0.8395999999999999,0.19039999999999999,0.9089,-0.001,0.5327000000000001,79.46,,,,,,,,,,,,95.45,176470849212.0,30.0,94.39,857.0
MSCI,0.5895,0.6198,0.20800000000000002,0.5505,0.2511,0.9682999999999999,0.1624,0.9782,77.92,,,,,,,,,,,,537.29,44239617529.0,5.0,549.59,147.0
MSFT,,,,,,,,,,,,,,,,,,,,,277.4,2153891769762.0,10.0,,
MSI,0.6411,0.6792,0.3056,0.7663,0.171,0.8752,0.0708,0.8554,79.41,,,,,,,,,,,,226.26,37590591779.0,12.0,224.78,359.0
MTB,,,,,,,,,,,,,,,,,,,,,147.65,19629051575.0,19.0,,
MTD,,,,,,,,,,,,,,,,,,,,,1422.29,33102449164.0,2.0,,
MU,,,,,,,,,,,,,,,,,,,,,80.42,90569003315.0,35.0,,
MXIM,,,,,,,,,,,,,,,,,,,,,105.84,28973176502.0,27.0,,
MYL,,,,,,,,,,,,,,,,,,,,,16.08,8642088752.0,179.0,,
NBL,,,,,,,,,,,,,,,,,,,,,8.77,4222496249.0,328.0,,
NCLH,,,,,,,,,,,,,,,,,,,,,30.35,6325664241.0,95.0,,
NDAQ,0.4792,0.5267000000000001,0.3504,0.8297,0.17550000000000002,0.8832,0.0755,0.8733,77.82,,,,,,,,,,,,179.02,29424282314.0,16.0,178.75,452.0
NEE,,,,,,,,,,,,,,,,,,,,,74.34,145114859050.0,38.0,,
NEM,,,,,,,,,,,,,,,,,,,,,65.53,52518837047.0,44.0,,
NFLX,,,,,,,,,,,,,,,,,,,,,544.63,240815590920.0,5.0,,
NI,,,,,,,,,,,,,,,,,,,,,25.09,9892173671.0,114.0,,
NKE,,,,,,,,,,,,,,,,,,,,,163.5,251549312878.0,17.0,,
NLOK,,,,,,,,,,,,,,,,,,,,,28.3,15863101532.0,101.0,,
NLSN,,,,,,,,,,,,,,,,,,,,,25.76,8917437830.0,111.0,,
NOC,,,,,,,,,,,,,,,,,,,,,371.67,59950227516.0,7.0,,
NOV,,,,,,,,,,,,,,,,,,,,,16.04,6006068659.0,179.0,,
NOW,,,,,,,,,,,,,,,,,,,,,552.24,111145380259.0,5.0,,
NRG,,,,,,,,,,,,,,,,,,,,,41.6,10129354844.0,69.0,,
NSC,,,,,,,,,,,,,,,,,,,,,274.36,68831075831.0,10.0,,
NTAP,0.9987,0.8851,0.2611,0.6772,0.12380000000000001,0.7484999999999999,0.071,0.8614,79.31,,,,,,,,,,,,83.49,19172102973.0,34.0,86.92,930.0
NTRS,,,,,,,,,,,,,,,,,,,,,120.79,24245576264.0,23.0,,
NUE,,,,,,,,,,,,,,,,,,,,,96.8,28919786098.0,29.0,,
NVDA,1.1759,0.9267,0.5708,0.9623999999999999,0.47600000000000003,1.0,0.2529,0.996,97.13,,,,,,,,,,,,835.79,523343056213.0,3.0,836.32,96.0
NVR,,,,,,,,,,,,,,,,,,,,,5352.41,18883946456.0,0.0,,
NWL,,,,,,,,,,,,,,,,,,,,,27.28,12036778237.0,105.0,,
NWS,,,,,,,,,,,,,,,,,,,,,25.67,15737993977.0,112.0,,
NWSA,,,,,,,,,,-300.39,0.008,1.9,0.26899999999999996,1.8,0.248,11.87,0.301,1.66,0.061,17.7,26.61,15088952583.0,108.0,26.96,89789.0
O,,,,,,,,,,,,,,,,,,,,,68.12,26387852516.0,42.0,,
ODFL,,,,,,,,,,,,,,,,,,,,,268.43,30537729693.0,10.0,,
OKE,0.9671,0.8733,0.5572,0.9604,0.1311,0.7703,0.061,0.8317,85.89,,,,,,,,,,,,57.27,25795206626.0,50.0,58.29,1387.0
OMC,,,,,,,,,,,,,,,,,,,,,82.96,17546935324.0,34.0,,
ORCL,,,,,,,,,,,,,,,,,,,,,82.04,231251045338.0,35.0,,
ORLY,,,,,,,,,,,,,,,,,,,,,582.0,40351799826.0,4.0,,
OTIS,,,,,,,,,,,,,,,,,,,,,82.85,36306124917.0,34.0,,
OXY,0.9275,0.8554,0.91,0.9921,0.2026,0.9228000000000001,0.159,0.9743,93.61,,,,,,,,,,,,34.0,30437631858.0,84.0,32.72,2472.0
PAYC,,,,,,,,,,,,,,,,,,,,,394.87,22902178156.0,7.0,,
PAYX,,,,,,,,,,,,,,,,,,,,,112.22,40534487069.0,25.0,,
PBCT,,,,,,,,,,,,,,,,,,,,,17.39,7432073294.0,165.0,,
PCAR,,,,,,,,,,,,,,,,,,,,,90.22,32235834286.0,31.0,,
PEAK,,,,,,,,,,,,,,,,,,,,,34.43,18207527333.0,83.0,,
PEG,,,,,,,,,,,,,,,,,,,,,62.92,31136600908.0,45.0,,
PEP,,,,,,,,,,,,,,,,,,,,,154.0,214496002176.0,18.0,,
PFE,,,,,,,,,,,,,,,,,,,,,39.74,222990863342.0,72.0,,
PFG,,,,,,,,,,11.1,0.17800000000000002,1.13,0.115,1.28,0.14300000000000002,7.86,0.111,1.25,0.04,11.7,65.2,17663930636.0,44.0,63.87,37900.0
PG,,,,,,,,,,,,,,,,,,,,,137.12,342235301559.0,21.0,,
PGR,,,,,,,,,,9.0,0.14300000000000002,3.42,0.47200000000000003,1.35,0.161,6.67,0.071,1.3,0.042,17.8,99.03,59590304445.0,29.0,99.93,24224.0
PH,,,,,,,,,,,,,,,,,,,,,323.09,40776686755.0,8.0,,
PHM,,,,,,,,,,10.38,0.162,2.22,0.32299999999999995,1.3,0.146,7.49,0.08900000000000001,5.04,0.261,19.6,56.7,15013490408.0,50.0,55.52,43600.0
PKG,,,,,,,,,,,,,,,,,,,,,136.22,13149986505.0,21.0,,
PKI,,,,,,,,,,,,,,,,,,,,,157.51,17336825573.0,18.0,,
PLD,,,,,,,,,,,,,,,,,,,,,126.32,93532261212.0,22.0,,
PM,,,,,,,,,,,,,,,,,,,,,104.03,160259279564.0,27.0,,
PNC,,,,,,,,,,,,,,,,,,,,,199.58,81860720768.0,14.0,,
PNR,,,,,,,,,,,,,,,,,,,,,67.96,11492844012.0,42.0,,
PNW,,,,,,,,,,,,,,,,,,,,,85.77,9646898451.0,33.0,,
PPG,,,,,,,,,,,,,,,,,,,,,173.7,40762255318.0,16.0,,
PPL,,,,,,,,,,,,,,,,,,,,,28.81,22136033626.0,100.0,,
PRGO,,,,,,,,,,-28.54,0.051,1.14,0.11699999999999999,1.32,0.152,12.55,0.337,5.57,0.301,19.2,48.1,6390405946.0,59.0,48.27,50149.0
PRU,,,,,,,,,,15.43,0.259,0.72,0.09300000000000001,0.68,0.05,10.57,0.23,0.65,0.013999999999999999,12.9,107.26,40561794559.0,26.0,107.42,22535.0
PSA,0.5841,0.6158,0.3245,0.7979999999999999,0.20379999999999998,0.9248000000000001,0.0592,0.8256999999999999,79.11,,,,,,,,,,,,307.9,55246246243.0,9.0,304.53,265.0
PSX,,,,,,,,,,,,,,,,,,,,,89.91,38336902388.0,32.0,,
PVH,,,,,,,,,,,,,,,,,,,,,110.34,8069425841.0,26.0,,
PWR,,,,,,,,,,,,,,,,,,,,,92.96,13068177674.0,31.0,,
PXD,,,,,,,,,,,,,,,,,,,,,172.73,41492262599.0,16.0,,
PYPL,0.6448999999999999,0.6831999999999999,0.2422,0.6376,0.16899999999999998,0.8693000000000001,0.1201,0.9465,78.42,,,,,,,,,,,,299.81,341802483128.0,9.0,294.51,274.0
QCOM,,,,,,,,,,,,,,,,,,,,,145.39,162405023179.0,19.0,,
QRVO,,,,,,,,,,,,,,,,,,,,,204.84,22025611958.0,14.0,,
RCL,,,,,,,,,,,,,,,,,,,,,88.66,21767886615.0,32.0,,
RE,,,,,,,,,,12.49,0.198,1.3,0.15,1.26,0.139,12.56,0.33899999999999997,1.2,0.038,17.2,260.01,12715738732.0,11.0,263.12,9200.0
REG,,,,,,,,,,,,,,,,,,,,,66.34,11483804656.0,43.0,,
REGN,,,,,,,,,,,,,,,,,,,,,579.07,63284039921.0,4.0,,
RF,,,,,,,,,,,,,,,,,,,,,20.47,20280703859.0,140.0,,
RHI,,,,,,,,,,,,,,,,,,,,,90.82,10335871121.0,31.0,,
RJF,,,,,,,,,,,,,,,,,,,,,135.54,19026239803.0,21.0,,
RL,,,,,,,,,,,,,,,,,,,,,119.78,8573315813.0,24.0,,
RMD,,,,,,,,,,,,,,,,,,,,,259.09,36594013884.0,11.0,,
ROK,,,,,,,,,,,,,,,,,,,,,286.75,33090838844.0,10.0,,
ROL,,,,,,,,,,,,,,,,,,,,,34.67,17642874898.0,83.0,,
ROP,,,,,,,,,,,,,,,,,,,,,477.79,51168130222.0,6.0,,
ROST,,,,,,,,,,,,,,,,,,,,,126.23,44704700821.0,22.0,,
RSG,,,,,,,,,,,,,,,,,,,,,114.2,36487924553.0,25.0,,
RTX,,,,,,,,,,,,,,,,,,,,,86.8,134086743377.0,33.0,,
SBAC,,,,,,,,,,,,,,,,,,,,,332.36,36329800466.0,8.0,,
SBUX,,,,,,,,,,,,,,,,,,,,,119.74,139403792731.0,24.0,,
SCHW,,,,,,,,,,,,,,,,,,,,,75.22,139353367960.0,38.0,,
SEE,0.8941,0.8416,0.3134,0.7822,0.31379999999999997,0.9881,0.026699999999999998,0.703,82.87,,,,,,,,,,,,59.14,9083604653.0,48.0,61.73,1310.0
SHW,,,,,,,,,,,,,,,,,,,,,284.95,74608058089.0,10.0,,
SIVB,,,,,,,,,,,,,,,,,,,,,575.58,31993146331.0,5.0,,
SJM,,,,,,,,,,,,,,,,,,,,,130.18,14114050064.0,22.0,,
SLB,0.9179,0.8515,0.5233,0.9564,0.1822,0.895,0.0043,0.5703,81.83,,,,,,,,,,,,34.23,47431237442.0,84.0,33.38,2423.0
SLG,,,,,,,,,,,,,,,,,,,,,83.13,5769320348.0,34.0,,
SNA,,,,,,,,,,,,,,,,,,,,,223.59,12256125448.0,12.0,,
SNPS,,,,,,,,,,,,,,,,,,,,,283.0,43837023635.0,10.0,,
SO,,,,,,,,,,,,,,,,,,,,,61.41,67632607463.0,46.0,,
SPG,1.0697,0.9068999999999999,0.5982999999999999,0.9723,0.16949999999999998,0.8733,-0.0091,0.4733,80.64,,,,,,,,,,,,138.07,43382365627.0,20.0,136.05,594.0
SPGI,,,,,,,,,,,,,,,,,,,,,419.51,102979072563.0,6.0,,
SRE,,,,,,,,,,,,,,,,,,,,,133.64,40707511961.0,21.0,,
STE,,,,,,,,,,,,,,,,,,,,,219.79,18358180838.0,13.0,,
STT,,,,,,,,,,,,,,,,,,,,,84.72,29631514995.0,34.0,,
STX,,,,,,,,,,22.19,0.406,0.0,0.085,0.0,0.004,2.93,0.044000000000000004,1.44,0.05,11.8,89.29,0.0,32.0,87.79,27573.0
STZ,,,,,,,,,,,,,,,,,,,,,240.5,45185869233.0,11.0,,
SWK,,,,,,,,,,,,,,,,,,,,,212.45,34478305719.0,13.0,,
SWKS,,,,,,,,,,,,,,,,,,,,,200.8,31936863780.0,14.0,,
SYF,1.34,0.9584,0.4343,0.9188,0.1804,0.8911,-0.0021,0.5168,82.13,,,,,,,,,,,,49.93,29049797006.0,57.0,50.18,1612.0
SYK,,,,,,,,,,,,,,,,,,,,,275.91,100904829861.0,10.0,,
SYY,,,,,,,,,,,,,,,,,,,,,76.79,40241091416.0,37.0,,
T,,,,,,,,,,-86.69,0.022000000000000002,1.28,0.145,1.23,0.13,7.11,0.079,4.14,0.20600000000000002,11.6,30.05,211565289597.0,95.0,30.26,79997.0
TAP,,,,,,,,,,-15.7,0.073,0.94,0.10300000000000001,1.24,0.134,8.14,0.121,4.91,0.242,13.4,53.68,11313596685.0,53.0,55.79,43389.0
TDG,,,,,,,,,,,,,,,,,,,,,664.0,37549207313.0,4.0,,
TDY,,,,,,,,,,,,,,,,,,,,,432.31,15891983912.0,6.0,,
TEL,,,,,,,,,,,,,,,,,,,,,140.0,46991062292.0,20.0,,
TFC,,,,,,,,,,,,,,,,,,,,,58.15,75837425216.0,49.0,,
TFX,,,,,,,,,,,,,,,,,,,,,416.04,19549556118.0,6.0,,
TGT,1.0793000000000001,0.9129,0.38780000000000003,0.8733,0.2271,0.9465,0.0728,0.8693000000000001,90.05,,,,,,,,,,,,249.93,126740211811.0,11.0,256.84,314.0
TIF,,,,,,,,,,,,,,,,,,,,,136.16,16382788607.0,21.0,,
TJX,,,,,,,,,,,,,,,,,,,,,69.98,84849129115.0,41.0,,
TMO,,,,,,,,,,,,,,,,,,,,,521.58,207045246598.0,5.0,,
TMUS,,,,,,,,,,,,,,,,,,,,,149.25,188593423588.0,19.0,,
TPR,,,,,,,,,,,,,,,,,,,,,43.1,12015429442.0,66.0,,
TROW,0.7332,0.7484999999999999,0.3732,0.8534999999999999,0.1761,0.8851,0.0709,0.8573999999999999,83.61,,,,,,,,,,,,204.45,45735919381.0,14.0,209.02,387.0
TRV,,,,,,,,,,13.89,0.23199999999999998,1.39,0.171,1.22,0.127,9.07,0.16399999999999998,1.18,0.036000000000000004,14.6,152.61,39636910159.0,18.0,152.29,15895.0
TSCO,,,,,,,,,,,,,,,,,,,,,192.73,22166304434.0,14.0,,
TSN,,,,,,,,,,12.94,0.20800000000000002,1.71,0.23199999999999998,0.63,0.046,8.24,0.133,6.7,0.37799999999999995,19.9,77.18,27149209993.0,37.0,74.89,32323.0
TT,,,,,,,,,,,,,,,,,,,,,195.55,46772977427.0,14.0,,
TTWO,,,,,,,,,,,,,,,,,,,,,184.19,20838922377.0,15.0,,
TWTR,1.2548000000000001,0.9465,0.2619,0.6812,0.0683,0.5624,0.19269999999999998,0.9921,79.55,,,,,,,,,,,,69.88,56177759371.0,41.0,69.2,1169.0
TXN,,,,,,,,,,,,,,,,,,,,,193.88,182072797334.0,14.0,,
TXT,1.217,0.9386,0.4349,0.9248000000000001,0.2133,0.9327,0.0001,0.5505,83.66,,,,,,,,,,,,71.15,15630281220.0,40.0,71.19,1136.0
TYL,,,,,,,,,,,,,,,,,,,,,483.46,18838786474.0,5.0,,
UA,,,,,,,,,,,,,,,,,,,,,18.62,9076201651.0,154.0,,
UAA,,,,,,,,,,,,,,,,,,,,,21.1,9090860672.0,136.0,,
UAL,,,,,,,,,,,,,,,,,,,,,53.85,17278937844.0,53.0,,
UDR,,,,,,,,,,,,,,,,,,,,,52.06,15463550371.0,55.0,,
UHS,,,,,,,,,,12.97,0.21,2.02,0.294,1.13,0.107,8.19,0.12300000000000001,1.32,0.044000000000000004,15.5,155.2,13099667991.0,18.0,158.43,15279.0
ULTA,,,,,,,,,,,,,,,,,,,,,347.96,19552150550.0,8.0,,
UNH,,,,,,,,,,,,,,,,,,,,,417.06,396882642685.0,6.0,,
UNM,,,,,,,,,,7.77,0.133,0.56,0.087,0.46,0.022000000000000002,3.6,0.048,0.43,0.01,6.0,29.62,6019422713.0,97.0,29.04,83358.0
UNP,,,,,,,,,,,,,,,,,,,,,235.9,153434042688.0,12.0,,
UPS,,,,,,,,,,,,,,,,,,,,,212.89,186070293365.0,13.0,,
URI,,,,,,,,,,,,,,,,,,,,,334.35,23898019752.0,8.0,,
USB,,,,,,,,,,,,,,,,,,,,,57.56,89824516803.0,50.0,,
V,,,,,,,,,,,,,,,,,,,,,244.63,529537932811.0,11.0,,
VAR,,,,,,,,,,,,,,,,,,,,,181.78,16901974121.0,15.0,,
VFC,,,,,,,,,,,,,,,,,,,,,84.34,32949447684.0,34.0,,
VIAC,,,,,,,,,,10.08,0.156,1.5,0.183,1.1,0.105,7.68,0.10300000000000001,1.52,0.053,12.0,45.91,29276711029.0,62.0,45.2,53555.0
VLO,,,,,,,,,,,,,,,,,,,,,81.0,32573075302.0,35.0,,
VMC,,,,,,,,,,,,,,,,,,,,,176.4,22902550224.0,16.0,,
VNO,,,,,,,,,,,,,,,,,,,,,47.5,9247094796.0,60.0,,
VRSK,,,,,,,,,,,,,,,,,,,,,184.17,29218567737.0,15.0,,
VRSN,,,,,,,,,,,,,,,,,,,,,238.1,27249631768.0,12.0,,
VRTX,,,,,,,,,,,,,,,,,,,,,205.0,53873624127.0,14.0,,
VTR,,,,,,,,,,,,,,,,,,,,,59.39,21485238758.0,48.0,,
VZ,,,,,,,,,,,,,,,,,,,,,57.49,235072685610.0,50.0,,
WAB,,,,,,,,,,,,,,,,,,,,,83.04,15861775220.0,34.0,,
WAT,0.9571,0.8673000000000001,0.4362,0.9287000000000001,0.2416,0.9604,0.10550000000000001,0.9228000000000001,91.98,,,,,,,,,,,,367.35,21730655981.0,7.0,359.1,225.0
WBA,,,,,,,,,,19.12,0.33299999999999996,1.96,0.285,0.31,0.013999999999999999,11.52,0.28300000000000003,1.95,0.077,19.8,49.41,42181608510.0,58.0,48.45,49963.0
WDC,,,,,,,,,,,,,,,,,,,,,72.85,22503429377.0,39.0,,
WEC,,,,,,,,,,,,,,,,,,,,,91.75,29123213568.0,31.0,,
WELL,0.6342,0.6673,0.3281,0.804,0.1565,0.8436,0.094,0.9129,80.69,,,,,,,,,,,,88.16,35533542158.0,32.0,89.08,908.0
WFC,,,,,,,,,,,,,,,,,,,,,46.18,187994002869.0,62.0,,
WHR,,,,,,,,,,10.8,0.175,3.3,0.451,0.68,0.048,7.24,0.085,3.94,0.2,19.2,224.01,14074708019.0,12.0,225.26,10746.0
WLTW,,,,,,,,,,,,,,,,,,,,,238.47,30987773987.0,12.0,,
WM,,,,,,,,,,,,,,,,,,,,,144.72,61332623788.0,19.0,,
WMB,,,,,,,,,,,,,,,,,,,,,27.79,32441655633.0,103.0,,
WMT,,,,,,,,,,,,,,,,,,,,,144.08,393196584282.0,20.0,,
WRB,,,,,,,,,,,,,,,,,,,,,77.23,13853652646.0,37.0,,
WRK,,,,,,,,,,-19.6,0.067,1.32,0.154,0.84,0.071,9.18,0.168,7.44,0.43200000000000005,17.9,52.94,14196277731.0,54.0,54.0,44828.0
WST,0.6219,0.6594,0.28300000000000003,0.7248,0.2832,0.9802,0.0676,0.8454999999999999,80.25,,,,,,,,,,,,377.46,27069651064.0,7.0,380.82,212.0
WU,,,,,,,,,,,,,,,,,,,,,24.24,9606522502.0,118.0,,
WY,,,,,,,,,,,,,,,,,,,,,34.68,26232312011.0,83.0,,
WYNN,,,,,,,,,,,,,,,,,,,,,122.2,14736495517.0,23.0,,
XEL,,,,,,,,,,,,,,,,,,,,,69.4,36462279067.0,41.0,,
XLNX,,,,,,,,,,,,,,,,,,,,,142.04,35063766426.0,20.0,,
XOM,0.5831000000000001,0.6139,0.5899,0.9703,0.1233,0.7465,0.046900000000000004,0.7959999999999999,78.17,-14.58,0.075,1.8,0.25,1.5,0.193,14.2,0.41200000000000003,1.79,0.063,19.9,63.69,276071873089.0,45.0,64.83,1247.0
XRAY,,,,,,,,,,,,,,,,,,,,,64.1,14361424788.0,44.0,,
XRX,,,,,,,,,,,,,,,,,,,,,25.36,4661865779.0,113.0,,
XYL,,,,,,,,,,,,,,,,,,,,,121.67,22335326291.0,23.0,,
YUM,,,,,,,,,,,,,,,,,,,,,117.58,35686928114.0,24.0,,
ZBH,,,,,,,,,,,,,,,,,,,,,169.75,35663188582.0,16.0,,
ZBRA,1.1722,0.9248000000000001,0.3883,0.8752,0.0833,0.6059,0.06,0.8297,80.89,,,,,,,,,,,,539.07,28693278427.0,5.0,543.8,148.0
ZION,,,,,,,,,,6.6,0.129,1.19,0.129,2.52,0.36200000000000004,5.24,0.057,2.56,0.10300000000000001,15.6,55.4,8927101668.0,52.0,53.42,45314.0
ZTS,,,,,,,,,,,,,,,,,,,,,196.27,92314697471.0,14.0,,
